"No.","Time","Source","Destination","Protocol","Length","Info"
"1","0.000000000","192.168.184.131","74.125.200.94","TLSv1.2","222","Application Data"
"2","0.000383000","74.125.200.94","192.168.184.131","TCP","60","443 > 48642 [ACK] Seq=1 Ack=169 Win=64240 Len=0"
"3","0.000829000","192.168.184.131","74.125.200.94","TLSv1.2","100","Application Data"
"4","0.001163000","74.125.200.94","192.168.184.131","TCP","60","443 > 48642 [ACK] Seq=1 Ack=215 Win=64240 Len=0"
"5","0.046497000","74.125.200.94","192.168.184.131","TLSv1.2","208","Application Data, Application Data, Application Data"
"6","0.047786000","192.168.184.131","74.125.200.94","TLSv1.2","100","Application Data"
"7","0.048697000","74.125.200.94","192.168.184.131","TCP","60","443 > 48642 [ACK] Seq=155 Ack=261 Win=64240 Len=0"
"8","0.083567000","74.125.200.94","192.168.184.131","TLSv1.2","100","Application Data"
"9","0.124023000","192.168.184.131","74.125.200.94","TCP","54","48642 > 443 [ACK] Seq=261 Ack=201 Win=65535 Len=0"
"10","0.291651000","192.168.184.1","192.168.184.255","NBNS","92","Name query NB WPAD<00>"
"11","0.742208000","192.168.184.131","216.58.196.3","TCP","54","54360 > 443 [RST, ACK] Seq=1 Ack=1 Win=39420 Len=0"
"12","0.743031000","192.168.184.131","216.58.196.1","TCP","74","35742 > 443 [SYN] Seq=0 Win=29200 Len=0 MSS=1460 SACK_PERM=1 TSval=22962959 TSecr=0 WS=128"
"13","0.743351000","192.168.184.131","216.58.196.3","TCP","74","54366 > 443 [SYN] Seq=0 Win=29200 Len=0 MSS=1460 SACK_PERM=1 TSval=22962959 TSecr=0 WS=128"
"14","0.743730000","192.168.184.131","216.58.196.3","TCP","74","54368 > 443 [SYN] Seq=0 Win=29200 Len=0 MSS=1460 SACK_PERM=1 TSval=22962960 TSecr=0 WS=128"
"15","0.770941000","216.58.196.1","192.168.184.131","TCP","60","443 > 35742 [SYN, ACK] Seq=0 Ack=1 Win=64240 Len=0 MSS=1460"
"16","0.771132000","192.168.184.131","216.58.196.1","TCP","54","35742 > 443 [ACK] Seq=1 Ack=1 Win=29200 Len=0"
"17","0.771554000","216.58.196.3","192.168.184.131","TCP","60","443 > 54368 [SYN, ACK] Seq=0 Ack=1 Win=64240 Len=0 MSS=1460"
"18","0.771701000","192.168.184.131","216.58.196.3","TCP","54","54368 > 443 [ACK] Seq=1 Ack=1 Win=29200 Len=0"
"19","0.772462000","192.168.184.131","216.58.196.1","TLSv1.2","279","Client Hello"
"20","0.773126000","216.58.196.1","192.168.184.131","TCP","60","443 > 35742 [ACK] Seq=1 Ack=226 Win=64240 Len=0"
"21","0.773414000","192.168.184.131","216.58.196.3","TLSv1.2","269","Client Hello"
"22","0.773895000","216.58.196.3","192.168.184.131","TCP","60","443 > 54368 [ACK] Seq=1 Ack=216 Win=64240 Len=0"
"23","0.776735000","216.58.196.3","192.168.184.131","TCP","60","443 > 54366 [SYN, ACK] Seq=0 Ack=1 Win=64240 Len=0 MSS=1460"
"24","0.776817000","192.168.184.131","216.58.196.3","TCP","54","54366 > 443 [ACK] Seq=1 Ack=1 Win=29200 Len=0"
"25","0.784027000","192.168.184.131","216.58.196.3","TLSv1.2","269","Client Hello"
"26","0.784350000","216.58.196.3","192.168.184.131","TCP","60","443 > 54366 [ACK] Seq=1 Ack=216 Win=64240 Len=0"
"27","0.796178000","192.168.184.131","74.125.200.94","TLSv1.2","223","Application Data"
"28","0.796413000","74.125.200.94","192.168.184.131","TCP","60","443 > 48642 [ACK] Seq=201 Ack=430 Win=64240 Len=0"
"29","0.801234000","216.58.196.1","192.168.184.131","TLSv1.2","1484","Server Hello"
"30","0.801307000","192.168.184.131","216.58.196.1","TCP","54","35742 > 443 [ACK] Seq=226 Ack=1431 Win=31460 Len=0"
"31","0.801401000","216.58.196.1","192.168.184.131","TCP","1484","[TCP segment of a reassembled PDU]"
"32","0.801437000","192.168.184.131","216.58.196.1","TCP","54","35742 > 443 [ACK] Seq=226 Ack=2861 Win=34320 Len=0"
"33","0.801809000","216.58.196.1","192.168.184.131","TLSv1.2","1290","Certificate"
"34","0.801864000","192.168.184.131","216.58.196.1","TCP","54","35742 > 443 [ACK] Seq=226 Ack=4097 Win=37180 Len=0"
"35","0.801909000","216.58.196.1","192.168.184.131","TLSv1.2","61","Continuation Data"
"36","0.803940000","192.168.184.131","216.58.196.1","TLSv1.2","345","Client Key Exchange, Change Cipher Spec, Hello Request, Hello Request, Hello Request, Hello Request"
"37","0.805541000","216.58.196.1","192.168.184.131","TCP","60","443 > 35742 [ACK] Seq=4104 Ack=517 Win=64240 Len=0"
"38","0.817786000","216.58.196.3","192.168.184.131","TLSv1.2","1484","Server Hello"
"39","0.817854000","192.168.184.131","216.58.196.3","TCP","54","54366 > 443 [ACK] Seq=216 Ack=1431 Win=31460 Len=0"
"40","0.817915000","216.58.196.3","192.168.184.131","TCP","1484","[TCP segment of a reassembled PDU]"
"41","0.817939000","192.168.184.131","216.58.196.3","TCP","54","54366 > 443 [ACK] Seq=216 Ack=2861 Win=34320 Len=0"
"42","0.818013000","216.58.196.3","192.168.184.131","TLSv1.2","1392","Certificate"
"43","0.818034000","192.168.184.131","216.58.196.3","TCP","54","54366 > 443 [ACK] Seq=216 Ack=4199 Win=37180 Len=0"
"44","0.819655000","192.168.184.131","216.58.196.3","TLSv1.2","345","[TCP ACKed unseen segment] Client Key Exchange, Change Cipher Spec, Hello Request, Hello Request, Hello Request, Hello Request"
"45","0.819971000","216.58.196.3","192.168.184.131","TCP","60","[TCP Previous segment not captured] 443 > 54368 [ACK] Seq=4199 Ack=507 Win=64240 Len=0"
"46","0.822362000","192.168.184.131","216.58.196.3","TLSv1.2","345","Client Key Exchange, Change Cipher Spec, Hello Request, Hello Request, Hello Request, Hello Request"
"47","0.822693000","216.58.196.3","192.168.184.131","TCP","60","443 > 54366 [ACK] Seq=4199 Ack=507 Win=64240 Len=0"
"48","0.833019000","216.58.196.1","192.168.184.131","TLSv1.2","348","New Session Ticket, Change Cipher Spec, Hello Request, Hello Request"
"49","0.833073000","216.58.196.1","192.168.184.131","TLSv1.2","152","Application Data, Application Data"
"50","0.833372000","192.168.184.131","74.125.200.94","TLSv1.2","160","Application Data"
"51","0.833555000","74.125.200.94","192.168.184.131","TCP","60","443 > 48642 [ACK] Seq=201 Ack=536 Win=64240 Len=0"
"52","0.842572000","74.125.200.94","192.168.184.131","TLSv1.2","162","Application Data, Application Data"
"53","0.842632000","192.168.184.131","74.125.200.94","TCP","54","48642 > 443 [ACK] Seq=536 Ack=309 Win=65535 Len=0"
"54","0.842701000","74.125.200.94","192.168.184.131","TLSv1.2","100","Application Data"
"55","0.842728000","192.168.184.131","74.125.200.94","TCP","54","48642 > 443 [ACK] Seq=536 Ack=355 Win=65535 Len=0"
"56","0.844057000","192.168.184.131","74.125.200.94","TLSv1.2","100","Application Data"
"57","0.844270000","74.125.200.94","192.168.184.131","TCP","60","443 > 48642 [ACK] Seq=355 Ack=582 Win=64240 Len=0"
"58","0.848504000","216.58.196.3","192.168.184.131","TLSv1.2","348","New Session Ticket, Change Cipher Spec, Hello Request, Hello Request"
"59","0.848559000","216.58.196.3","192.168.184.131","TLSv1.2","110","Application Data"
"60","0.848733000","216.58.196.3","192.168.184.131","TLSv1.2","96","Application Data"
"61","0.856900000","216.58.196.3","192.168.184.131","TLSv1.2","404","New Session Ticket, Change Cipher Spec, Hello Request, Hello Request, Application Data"
"62","0.856936000","216.58.196.3","192.168.184.131","TLSv1.2","96","Application Data"
"63","0.873100000","192.168.184.131","216.58.196.1","TCP","54","35742 > 443 [ACK] Seq=517 Ack=4496 Win=40040 Len=0"
"64","0.889073000","192.168.184.131","216.58.196.3","TCP","54","[TCP ACKed unseen segment] 54368 > 443 [ACK] Seq=507 Ack=4591 Win=40040 Len=0"
"65","0.896947000","192.168.184.131","216.58.196.3","TCP","54","54366 > 443 [ACK] Seq=507 Ack=4591 Win=40040 Len=0"
"66","0.954743000","74.125.200.94","192.168.184.131","TLSv1.2","103","Application Data"
"67","0.955670000","74.125.200.94","192.168.184.131","TLSv1.2","10064","Application Data, Application Data, Application Data, Application Data, Application Data, Application Data, Application Data"
"68","0.955877000","192.168.184.131","74.125.200.94","TCP","54","48642 > 443 [ACK] Seq=582 Ack=10414 Win=65535 Len=0"
"69","0.955989000","74.125.200.94","192.168.184.131","TLSv1.2","1484","Application Data"
"70","0.956034000","74.125.200.94","192.168.184.131","TLSv1.2","1484","Application Data"
"71","0.956059000","192.168.184.131","74.125.200.94","TCP","54","48642 > 443 [ACK] Seq=582 Ack=13274 Win=65535 Len=0"
"72","0.956133000","74.125.200.94","192.168.184.131","TLSv1.2","1400","Application Data"
"73","0.958064000","74.125.200.94","192.168.184.131","TLSv1.2","1484","[TCP Previous segment not captured] Application Data"
"74","0.958148000","192.168.184.131","74.125.200.94","TCP","54","[TCP ACKed unseen segment] 48642 > 443 [ACK] Seq=582 Ack=30350 Win=65535 Len=0"
"75","0.958218000","74.125.200.94","192.168.184.131","TLSv1.2","1484","Application Data"
"76","0.958244000","74.125.200.94","192.168.184.131","TLSv1.2","1484","Application Data"
"77","0.958264000","192.168.184.131","74.125.200.94","TCP","54","48642 > 443 [ACK] Seq=582 Ack=33210 Win=65535 Len=0"
"78","0.959044000","74.125.200.94","192.168.184.131","TLSv1.2","1484","Application Data"
"79","0.959097000","74.125.200.94","192.168.184.131","TLSv1.2","1484","Application Data"
"80","0.959125000","192.168.184.131","74.125.200.94","TCP","54","48642 > 443 [ACK] Seq=582 Ack=36070 Win=65535 Len=0"
"81","0.959191000","74.125.200.94","192.168.184.131","TLSv1.2","1484","Application Data"
"82","0.960085000","74.125.200.94","192.168.184.131","TLSv1.2","4344","Application Data"
"83","0.960370000","192.168.184.131","74.125.200.94","TCP","54","48642 > 443 [ACK] Seq=582 Ack=41790 Win=65535 Len=0"
"84","0.960741000","74.125.200.94","192.168.184.131","TLSv1.2","1484","Application Data"
"85","0.960821000","74.125.200.94","192.168.184.131","TLSv1.2","1484","Application Data"
"86","0.960843000","74.125.200.94","192.168.184.131","TLSv1.2","1484","Application Data"
"87","0.961090000","192.168.184.131","74.125.200.94","TCP","54","48642 > 443 [ACK] Seq=582 Ack=46080 Win=65535 Len=0"
"88","0.961809000","74.125.200.94","192.168.184.131","TLSv1.2","1484","Application Data"
"89","0.963104000","74.125.200.94","192.168.184.131","TLSv1.2","1484","Application Data"
"90","0.963221000","192.168.184.131","74.125.200.94","TCP","54","48642 > 443 [ACK] Seq=582 Ack=48940 Win=65535 Len=0"
"91","0.963293000","74.125.200.94","192.168.184.131","TLSv1.2","1484","Application Data"
"92","0.963318000","74.125.200.94","192.168.184.131","TLSv1.2","1484","Application Data"
"93","0.963338000","192.168.184.131","74.125.200.94","TCP","54","48642 > 443 [ACK] Seq=582 Ack=51800 Win=65535 Len=0"
"94","0.963791000","74.125.200.94","192.168.184.131","TLSv1.2","2914","[TCP Previous segment not captured] Continuation Data"
"95","0.963855000","192.168.184.131","74.125.200.94","TCP","54","[TCP ACKed unseen segment] 48642 > 443 [ACK] Seq=582 Ack=57520 Win=65535 Len=0"
"96","0.973807000","192.168.184.131","74.125.200.94","TLSv1.2","100","[TCP ACKed unseen segment] Application Data"
"97","0.974140000","74.125.200.94","192.168.184.131","TCP","60","[TCP Previous segment not captured] 443 > 48642 [ACK] Seq=63463 Ack=628 Win=64240 Len=0"
"98","1.041221000","192.168.184.1","192.168.184.255","NBNS","92","Name query NB WPAD<00>"
"99","1.041430000","192.168.184.131","74.125.200.94","TLSv1.2","525","[TCP ACKed unseen segment] Application Data"
"100","1.041667000","74.125.200.94","192.168.184.131","TCP","60","443 > 48642 [ACK] Seq=63463 Ack=1099 Win=64240 Len=0"
"101","1.105704000","74.125.200.94","192.168.184.131","TLSv1.2","185","Application Data, Application Data, Application Data"
"102","1.106408000","192.168.184.131","74.125.200.94","TLSv1.2","100","Application Data"
"103","1.106768000","74.125.200.94","192.168.184.131","TCP","60","443 > 48642 [ACK] Seq=63594 Ack=1145 Win=64240 Len=0"
"104","1.791336000","192.168.184.1","192.168.184.255","NBNS","92","Name query NB WPAD<00>"
"105","3.394996000","192.168.184.131","74.125.200.94","TLSv1.2","604","Application Data"
"106","3.395507000","74.125.200.94","192.168.184.131","TCP","60","443 > 48642 [ACK] Seq=63594 Ack=1695 Win=64240 Len=0"
"107","3.395714000","192.168.184.131","74.125.200.94","TLSv1.2","179","Application Data"
"108","3.395885000","74.125.200.94","192.168.184.131","TCP","60","443 > 48642 [ACK] Seq=63594 Ack=1820 Win=64240 Len=0"
"109","3.439491000","74.125.200.94","192.168.184.131","TLSv1.2","162","Application Data"
"110","3.439921000","74.125.200.94","192.168.184.131","TLSv1.2","2914","Application Data, Application Data"
"111","3.439972000","74.125.200.94","192.168.184.131","TLSv1.2","1484","Application Data"
"112","3.440043000","192.168.184.131","74.125.200.94","TCP","54","48642 > 443 [ACK] Seq=1820 Ack=66562 Win=65535 Len=0"
"113","3.440997000","74.125.200.94","192.168.184.131","TLSv1.2","2914","Application Data, Application Data"
"114","3.441063000","192.168.184.131","74.125.200.94","TCP","54","48642 > 443 [ACK] Seq=1820 Ack=70852 Win=65535 Len=0"
"115","3.441197000","74.125.200.94","192.168.184.131","TLSv1.2","1484","Application Data"
"116","3.441230000","74.125.200.94","192.168.184.131","TLSv1.2","1484","Application Data"
"117","7.126246000","192.168.184.131","52.20.188.129","TCP","74","39988 > 80 [SYN] Seq=0 Win=29200 Len=0 MSS=1460 SACK_PERM=1 TSval=22969342 TSecr=0 WS=128"
"118","7.126900000","192.168.184.131","52.20.188.129","TCP","74","39990 > 80 [SYN] Seq=0 Win=29200 Len=0 MSS=1460 SACK_PERM=1 TSval=22969343 TSecr=0 WS=128"
"119","7.127151000","192.168.184.131","52.20.188.129","TCP","74","39992 > 80 [SYN] Seq=0 Win=29200 Len=0 MSS=1460 SACK_PERM=1 TSval=22969343 TSecr=0 WS=128"
"120","7.127564000","192.168.184.131","52.20.188.129","TCP","74","39994 > 80 [SYN] Seq=0 Win=29200 Len=0 MSS=1460 SACK_PERM=1 TSval=22969344 TSecr=0 WS=128"
"121","7.128752000","192.168.184.131","52.20.188.129","TCP","74","39996 > 80 [SYN] Seq=0 Win=29200 Len=0 MSS=1460 SACK_PERM=1 TSval=22969345 TSecr=0 WS=128"
"122","7.129147000","192.168.184.131","52.20.188.129","TCP","74","39998 > 80 [SYN] Seq=0 Win=29200 Len=0 MSS=1460 SACK_PERM=1 TSval=22969345 TSecr=0 WS=128"
"123","7.131032000","192.168.184.131","192.168.184.2","DNS","80","Standard query 0xc0b2  A fonts.googleapis.com"
"124","7.144272000","192.168.184.131","192.168.184.2","DNS","80","Standard query 0x2f99  A js.rating-widget.com"
"125","7.145758000","192.168.184.131","192.168.184.2","DNS","77","Standard query 0xa403  A rating-widget.com"
"126","7.146759000","192.168.184.131","192.168.184.2","DNS","80","Standard query 0xce8e  A vikkiblog.disqus.com"
"127","7.147597000","192.168.184.131","192.168.184.2","DNS","84","Standard query 0x4b8e  A www.google-analytics.com"
"128","7.148400000","192.168.184.131","192.168.184.2","DNS","84","Standard query 0x66e8  A ssl.google-analytics.com"
"129","7.218744000","192.168.184.2","192.168.184.131","DNS","132","Standard query response 0xc0b2  CNAME googleadapis.l.google.com A 74.125.68.95"
"130","7.225549000","192.168.184.131","74.125.68.95","TCP","74","39146 > 80 [SYN] Seq=0 Win=29200 Len=0 MSS=1460 SACK_PERM=1 TSval=22969442 TSecr=0 WS=128"
"131","7.226349000","192.168.184.131","74.125.68.95","TCP","74","39148 > 80 [SYN] Seq=0 Win=29200 Len=0 MSS=1460 SACK_PERM=1 TSval=22969442 TSecr=0 WS=128"
"132","7.227091000","192.168.184.131","74.125.68.95","TCP","74","39150 > 80 [SYN] Seq=0 Win=29200 Len=0 MSS=1460 SACK_PERM=1 TSval=22969443 TSecr=0 WS=128"
"133","7.234800000","192.168.184.2","192.168.184.131","DNS","131","Standard query response 0xce8e  CNAME disqus.map.fastly.net A 103.245.222.134"
"134","7.236370000","192.168.184.131","103.245.222.134","TCP","74","53652 > 80 [SYN] Seq=0 Win=29200 Len=0 MSS=1460 SACK_PERM=1 TSval=22969452 TSecr=0 WS=128"
"135","7.236564000","192.168.184.2","192.168.184.131","DNS","144","Standard query response 0x4b8e  CNAME www-google-analytics.l.google.com A 216.58.196.14"
"136","7.237067000","192.168.184.2","192.168.184.131","DNS","144","Standard query response 0x66e8  CNAME ssl-google-analytics.l.google.com A 216.58.220.8"
"137","7.237170000","192.168.184.131","103.245.222.134","TCP","74","53654 > 80 [SYN] Seq=0 Win=29200 Len=0 MSS=1460 SACK_PERM=1 TSval=22969453 TSecr=0 WS=128"
"138","7.237858000","192.168.184.131","103.245.222.134","TCP","74","53656 > 80 [SYN] Seq=0 Win=29200 Len=0 MSS=1460 SACK_PERM=1 TSval=22969454 TSecr=0 WS=128"
"139","7.239647000","192.168.184.131","216.58.196.14","TCP","74","38136 > 80 [SYN] Seq=0 Win=29200 Len=0 MSS=1460 SACK_PERM=1 TSval=22969456 TSecr=0 WS=128"
"140","7.240064000","192.168.184.131","216.58.196.14","TCP","74","38138 > 80 [SYN] Seq=0 Win=29200 Len=0 MSS=1460 SACK_PERM=1 TSval=22969456 TSecr=0 WS=128"
"141","7.240515000","192.168.184.131","216.58.196.14","TCP","74","38140 > 80 [SYN] Seq=0 Win=29200 Len=0 MSS=1460 SACK_PERM=1 TSval=22969457 TSecr=0 WS=128"
"142","7.241551000","192.168.184.131","216.58.220.8","TCP","74","32872 > 443 [SYN] Seq=0 Win=29200 Len=0 MSS=1460 SACK_PERM=1 TSval=22969458 TSecr=0 WS=128"
"143","7.242749000","192.168.184.2","192.168.184.131","DNS","250","Standard query response 0x2f99  A 104.28.7.49 A 104.28.6.49"
"144","7.243734000","192.168.184.131","104.28.7.49","TCP","74","60956 > 80 [SYN] Seq=0 Win=29200 Len=0 MSS=1460 SACK_PERM=1 TSval=22969460 TSecr=0 WS=128"
"145","7.244134000","192.168.184.131","104.28.7.49","TCP","74","60958 > 80 [SYN] Seq=0 Win=29200 Len=0 MSS=1460 SACK_PERM=1 TSval=22969460 TSecr=0 WS=128"
"146","7.244502000","192.168.184.131","104.28.7.49","TCP","74","60960 > 80 [SYN] Seq=0 Win=29200 Len=0 MSS=1460 SACK_PERM=1 TSval=22969461 TSecr=0 WS=128"
"147","7.244983000","192.168.184.2","192.168.184.131","DNS","247","Standard query response 0xa403  A 104.28.6.49 A 104.28.7.49"
"148","7.246064000","192.168.184.131","104.28.6.49","TCP","74","59736 > 80 [SYN] Seq=0 Win=29200 Len=0 MSS=1460 SACK_PERM=1 TSval=22969462 TSecr=0 WS=128"
"149","7.246577000","192.168.184.131","104.28.6.49","TCP","74","59738 > 80 [SYN] Seq=0 Win=29200 Len=0 MSS=1460 SACK_PERM=1 TSval=22969463 TSecr=0 WS=128"
"150","7.248057000","192.168.184.131","104.28.6.49","TCP","74","59740 > 80 [SYN] Seq=0 Win=29200 Len=0 MSS=1460 SACK_PERM=1 TSval=22969464 TSecr=0 WS=128"
"151","7.253399000","104.28.7.49","192.168.184.131","TCP","60","80 > 60956 [SYN, ACK] Seq=0 Ack=1 Win=64240 Len=0 MSS=1460"
"152","7.253541000","192.168.184.131","104.28.7.49","TCP","54","60956 > 80 [ACK] Seq=1 Ack=1 Win=29200 Len=0"
"153","7.253963000","104.28.7.49","192.168.184.131","TCP","60","80 > 60958 [SYN, ACK] Seq=0 Ack=1 Win=64240 Len=0 MSS=1460"
"154","7.254074000","192.168.184.131","104.28.7.49","TCP","54","60958 > 80 [ACK] Seq=1 Ack=1 Win=29200 Len=0"
"155","7.254697000","104.28.7.49","192.168.184.131","TCP","60","80 > 60960 [SYN, ACK] Seq=0 Ack=1 Win=64240 Len=0 MSS=1460"
"156","7.254800000","192.168.184.131","104.28.7.49","TCP","54","60960 > 80 [ACK] Seq=1 Ack=1 Win=29200 Len=0"
"157","7.256161000","104.28.6.49","192.168.184.131","TCP","60","80 > 59736 [SYN, ACK] Seq=0 Ack=1 Win=64240 Len=0 MSS=1460"
"158","7.256260000","192.168.184.131","104.28.6.49","TCP","54","59736 > 80 [ACK] Seq=1 Ack=1 Win=29200 Len=0"
"159","7.257004000","104.28.6.49","192.168.184.131","TCP","60","80 > 59738 [SYN, ACK] Seq=0 Ack=1 Win=64240 Len=0 MSS=1460"
"160","7.257107000","192.168.184.131","104.28.6.49","TCP","54","59738 > 80 [ACK] Seq=1 Ack=1 Win=29200 Len=0"
"161","7.258851000","104.28.6.49","192.168.184.131","TCP","60","80 > 59740 [SYN, ACK] Seq=0 Ack=1 Win=64240 Len=0 MSS=1460"
"162","7.258971000","192.168.184.131","104.28.6.49","TCP","54","59740 > 80 [ACK] Seq=1 Ack=1 Win=29200 Len=0"
"163","7.266353000","74.125.68.95","192.168.184.131","TCP","60","80 > 39146 [SYN, ACK] Seq=0 Ack=1 Win=64240 Len=0 MSS=1460"
"164","7.266484000","192.168.184.131","74.125.68.95","TCP","54","39146 > 80 [ACK] Seq=1 Ack=1 Win=29200 Len=0"
"165","7.266754000","216.58.196.14","192.168.184.131","TCP","60","80 > 38136 [SYN, ACK] Seq=0 Ack=1 Win=64240 Len=0 MSS=1460"
"166","7.266890000","192.168.184.131","216.58.196.14","TCP","54","38136 > 80 [ACK] Seq=1 Ack=1 Win=29200 Len=0"
"167","7.267390000","216.58.196.14","192.168.184.131","TCP","60","80 > 38138 [SYN, ACK] Seq=0 Ack=1 Win=64240 Len=0 MSS=1460"
"168","7.267505000","192.168.184.131","216.58.196.14","TCP","54","38138 > 80 [ACK] Seq=1 Ack=1 Win=29200 Len=0"
"169","7.267764000","74.125.68.95","192.168.184.131","TCP","60","80 > 39150 [SYN, ACK] Seq=0 Ack=1 Win=64240 Len=0 MSS=1460"
"170","7.267861000","192.168.184.131","74.125.68.95","TCP","54","39150 > 80 [ACK] Seq=1 Ack=1 Win=29200 Len=0"
"171","7.267932000","74.125.68.95","192.168.184.131","TCP","60","80 > 39148 [SYN, ACK] Seq=0 Ack=1 Win=64240 Len=0 MSS=1460"
"172","7.267996000","192.168.184.131","74.125.68.95","TCP","54","39148 > 80 [ACK] Seq=1 Ack=1 Win=29200 Len=0"
"173","7.271380000","216.58.220.8","192.168.184.131","TCP","60","443 > 32872 [SYN, ACK] Seq=0 Ack=1 Win=64240 Len=0 MSS=1460"
"174","7.271494000","192.168.184.131","216.58.220.8","TCP","54","32872 > 443 [ACK] Seq=1 Ack=1 Win=29200 Len=0"
"175","7.273197000","216.58.196.14","192.168.184.131","TCP","60","80 > 38140 [SYN, ACK] Seq=0 Ack=1 Win=64240 Len=0 MSS=1460"
"176","7.273321000","192.168.184.131","216.58.196.14","TCP","54","38140 > 80 [ACK] Seq=1 Ack=1 Win=29200 Len=0"
"177","7.276648000","103.245.222.134","192.168.184.131","TCP","60","80 > 53652 [SYN, ACK] Seq=0 Ack=1 Win=64240 Len=0 MSS=1460"
"178","7.276754000","192.168.184.131","103.245.222.134","TCP","54","53652 > 80 [ACK] Seq=1 Ack=1 Win=29200 Len=0"
"179","7.278090000","103.245.222.134","192.168.184.131","TCP","60","80 > 53656 [SYN, ACK] Seq=0 Ack=1 Win=64240 Len=0 MSS=1460"
"180","7.278174000","192.168.184.131","103.245.222.134","TCP","54","53656 > 80 [ACK] Seq=1 Ack=1 Win=29200 Len=0"
"181","7.326807000","103.245.222.134","192.168.184.131","TCP","60","80 > 53654 [SYN, ACK] Seq=0 Ack=1 Win=64240 Len=0 MSS=1460"
"182","7.326888000","192.168.184.131","103.245.222.134","TCP","54","53654 > 80 [ACK] Seq=1 Ack=1 Win=29200 Len=0"
"183","7.400957000","52.20.188.129","192.168.184.131","TCP","60","80 > 39990 [SYN, ACK] Seq=0 Ack=1 Win=64240 Len=0 MSS=1460"
"184","7.401034000","192.168.184.131","52.20.188.129","TCP","54","39990 > 80 [ACK] Seq=1 Ack=1 Win=29200 Len=0"
"185","7.403922000","52.20.188.129","192.168.184.131","TCP","60","80 > 39988 [SYN, ACK] Seq=0 Ack=1 Win=64240 Len=0 MSS=1460"
"186","7.403998000","192.168.184.131","52.20.188.129","TCP","54","39988 > 80 [ACK] Seq=1 Ack=1 Win=29200 Len=0"
"187","7.407336000","52.20.188.129","192.168.184.131","TCP","60","80 > 39992 [SYN, ACK] Seq=0 Ack=1 Win=64240 Len=0 MSS=1460"
"188","7.407416000","192.168.184.131","52.20.188.129","TCP","54","39992 > 80 [ACK] Seq=1 Ack=1 Win=29200 Len=0"
"189","7.415559000","52.20.188.129","192.168.184.131","TCP","60","80 > 39996 [SYN, ACK] Seq=0 Ack=1 Win=64240 Len=0 MSS=1460"
"190","7.415659000","192.168.184.131","52.20.188.129","TCP","54","39996 > 80 [ACK] Seq=1 Ack=1 Win=29200 Len=0"
"191","7.415725000","52.20.188.129","192.168.184.131","TCP","60","80 > 39998 [SYN, ACK] Seq=0 Ack=1 Win=64240 Len=0 MSS=1460"
"192","7.415774000","192.168.184.131","52.20.188.129","TCP","54","39998 > 80 [ACK] Seq=1 Ack=1 Win=29200 Len=0"
"193","7.418933000","52.20.188.129","192.168.184.131","TCP","60","80 > 39994 [SYN, ACK] Seq=0 Ack=1 Win=64240 Len=0 MSS=1460"
"194","7.418996000","192.168.184.131","52.20.188.129","TCP","54","39994 > 80 [ACK] Seq=1 Ack=1 Win=29200 Len=0"
"195","7.533246000","192.168.184.131","216.58.220.8","TLSv1.2","278","Client Hello"
"196","7.533771000","216.58.220.8","192.168.184.131","TCP","60","443 > 32872 [ACK] Seq=1 Ack=225 Win=64240 Len=0"
"197","7.565777000","216.58.220.8","192.168.184.131","TLSv1.2","2914","Server Hello"
"198","7.565842000","192.168.184.131","216.58.220.8","TCP","54","32872 > 443 [ACK] Seq=225 Ack=2861 Win=33580 Len=0"
"199","7.565930000","216.58.220.8","192.168.184.131","TLSv1.2","1153","Certificate"
"200","7.565966000","192.168.184.131","216.58.220.8","TCP","54","32872 > 443 [ACK] Seq=225 Ack=3960 Win=36500 Len=0"
"201","7.603864000","192.168.184.131","216.58.220.8","TLSv1.2","345","Client Key Exchange, Change Cipher Spec, Hello Request, Hello Request, Hello Request, Hello Request"
"202","7.606516000","216.58.220.8","192.168.184.131","TCP","60","443 > 32872 [ACK] Seq=3960 Ack=516 Win=64240 Len=0"
"203","7.634484000","216.58.220.8","192.168.184.131","TLSv1.2","404","New Session Ticket, Change Cipher Spec, Hello Request, Hello Request, Application Data"
"204","7.634547000","216.58.220.8","192.168.184.131","TLSv1.2","96","Application Data"
"205","7.674554000","192.168.184.131","216.58.220.8","TCP","54","32872 > 443 [ACK] Seq=516 Ack=4352 Win=39420 Len=0"
"206","9.090234000","192.168.184.131","74.125.200.94","TLSv1.2","882","[TCP ACKed unseen segment] [TCP Previous segment not captured] Application Data"
"207","9.090486000","74.125.200.94","192.168.184.131","TCP","60","[TCP ACKed unseen segment] [TCP Previous segment not captured] 443 > 48642 [ACK] Seq=117890 Ack=2740 Win=64240 Len=0"
"208","9.097132000","192.168.184.131","74.125.200.94","TLSv1.2","177","[TCP ACKed unseen segment] Application Data"
"209","9.097360000","74.125.200.94","192.168.184.131","TCP","60","443 > 48642 [ACK] Seq=117890 Ack=2863 Win=64240 Len=0"
"210","9.118694000","192.168.184.131","74.125.200.94","TLSv1.2","176","Application Data"
"211","9.118904000","74.125.200.94","192.168.184.131","TCP","60","443 > 48642 [ACK] Seq=117890 Ack=2985 Win=64240 Len=0"
"212","9.119016000","192.168.184.131","74.125.200.94","TLSv1.2","177","Application Data"
"213","9.119229000","74.125.200.94","192.168.184.131","TCP","60","443 > 48642 [ACK] Seq=117890 Ack=3108 Win=64240 Len=0"
"214","9.119403000","192.168.184.131","74.125.200.94","TLSv1.2","145","Application Data"
"215","9.119629000","74.125.200.94","192.168.184.131","TCP","60","443 > 48642 [ACK] Seq=117890 Ack=3199 Win=64240 Len=0"
"216","9.124935000","192.168.184.131","52.20.188.129","HTTP","976","GET / HTTP/1.1 "
"217","9.125630000","52.20.188.129","192.168.184.131","TCP","60","80 > 39990 [ACK] Seq=1 Ack=923 Win=64240 Len=0"
"218","9.144225000","74.125.200.94","192.168.184.131","TLSv1.2","162","Application Data, Application Data"
"219","9.144297000","74.125.200.94","192.168.184.131","TLSv1.2","100","Application Data"
"220","9.144477000","192.168.184.131","74.125.200.94","TCP","54","48642 > 443 [ACK] Seq=3199 Ack=118044 Win=65535 Len=0"
"221","9.145394000","192.168.184.131","74.125.200.94","TLSv1.2","100","Application Data"
"222","9.145614000","74.125.200.94","192.168.184.131","TCP","60","443 > 48642 [ACK] Seq=118044 Ack=3245 Win=64240 Len=0"
"223","9.185976000","74.125.200.94","192.168.184.131","TLSv1.2","232","Application Data, Application Data, Application Data, Application Data"
"224","9.186049000","74.125.200.94","192.168.184.131","TLSv1.2","138","Application Data, Application Data"
"225","9.186369000","192.168.184.131","74.125.200.94","TCP","54","48642 > 443 [ACK] Seq=3245 Ack=118306 Win=65535 Len=0"
"226","9.187393000","192.168.184.131","74.125.200.94","TLSv1.2","100","Application Data"
"227","9.187609000","74.125.200.94","192.168.184.131","TCP","60","443 > 48642 [ACK] Seq=118306 Ack=3291 Win=64240 Len=0"
"228","9.187720000","192.168.184.131","74.125.200.94","TLSv1.2","100","Application Data"
"229","9.187848000","74.125.200.94","192.168.184.131","TCP","60","443 > 48642 [ACK] Seq=118306 Ack=3337 Win=64240 Len=0"
"230","9.194709000","74.125.200.94","192.168.184.131","TLSv1.2","106","Application Data"
"231","9.195002000","74.125.200.94","192.168.184.131","TLSv1.2","1530","Application Data, Application Data"
"232","9.195046000","192.168.184.131","74.125.200.94","TCP","54","48642 > 443 [ACK] Seq=3337 Ack=119834 Win=65535 Len=0"
"233","9.202893000","192.168.184.131","74.125.200.94","TLSv1.2","100","Application Data"
"234","9.203376000","74.125.200.94","192.168.184.131","TCP","60","443 > 48642 [ACK] Seq=119834 Ack=3383 Win=64240 Len=0"
"235","9.233991000","74.125.200.94","192.168.184.131","TLSv1.2","110","Application Data"
"236","9.234679000","74.125.200.94","192.168.184.131","TLSv1.2","1484","Application Data"
"237","9.234936000","192.168.184.131","74.125.200.94","TCP","54","48642 > 443 [ACK] Seq=3383 Ack=121320 Win=65535 Len=0"
"238","9.235053000","74.125.200.94","192.168.184.131","TLSv1.2","1484","Application Data"
"239","9.235123000","74.125.200.94","192.168.184.131","TLSv1.2","1484","Application Data"
"240","9.235155000","192.168.184.131","74.125.200.94","TCP","54","48642 > 443 [ACK] Seq=3383 Ack=124180 Win=65535 Len=0"
"241","9.235247000","74.125.200.94","192.168.184.131","TLSv1.2","1484","Application Data"
"242","9.237402000","74.125.200.94","192.168.184.131","TLSv1.2","1484","[TCP Previous segment not captured] Application Data"
"243","9.237457000","74.125.200.94","192.168.184.131","TLSv1.2","1484","Application Data"
"244","9.237618000","74.125.200.94","192.168.184.131","TLSv1.2","1484","Application Data"
"245","9.238666000","74.125.200.94","192.168.184.131","TLSv1.2","4344","Application Data, Application Data, Application Data"
"246","9.239174000","74.125.200.94","192.168.184.131","TLSv1.2","2914","Application Data, Application Data"
"247","9.239224000","74.125.200.94","192.168.184.131","TLSv1.2","1484","Application Data"
"248","9.239952000","74.125.200.94","192.168.184.131","TLSv1.2","1484","Application Data"
"249","9.240046000","74.125.200.94","192.168.184.131","TLSv1.2","1484","Application Data"
"250","9.240136000","74.125.200.94","192.168.184.131","TLSv1.2","1484","Application Data"
"251","9.240533000","192.168.184.131","74.125.200.94","TCP","54","[TCP ACKed unseen segment] 48642 > 443 [ACK] Seq=3383 Ack=174147 Win=65535 Len=0"
"252","9.240783000","74.125.200.94","192.168.184.131","TLSv1.2","3651","Application Data"
"253","9.241542000","192.168.184.131","74.125.200.94","TCP","54","48642 > 443 [ACK] Seq=3383 Ack=177744 Win=65535 Len=0"
"254","9.244704000","192.168.184.131","74.125.200.94","TLSv1.2","100","Application Data"
"255","9.245051000","74.125.200.94","192.168.184.131","TCP","60","443 > 48642 [ACK] Seq=177744 Ack=3429 Win=64240 Len=0"
"256","9.956913000","192.30.252.91","192.168.184.131","TLSv1.2","85","Application Data"
"257","9.982292000","192.168.184.131","192.30.252.91","TLSv1.2","89","Application Data"
"258","9.982674000","192.30.252.91","192.168.184.131","TCP","60","443 > 50710 [ACK] Seq=32 Ack=36 Win=64240 Len=0"
"259","10.124183000","52.20.188.129","192.168.184.131","TCP","4434","[TCP segment of a reassembled PDU]"
"260","10.124250000","192.168.184.131","52.20.188.129","TCP","54","39990 > 80 [ACK] Seq=923 Ack=4381 Win=37960 Len=0"
"261","10.124577000","52.20.188.129","192.168.184.131","TCP","1514","[TCP segment of a reassembled PDU]"
"262","10.124606000","192.168.184.131","52.20.188.129","TCP","54","39990 > 80 [ACK] Seq=923 Ack=5841 Win=40880 Len=0"
"263","10.128811000","52.20.188.129","192.168.184.131","HTTP","5200","HTTP/1.1 200 OK  (text/html)"
"264","10.128873000","192.168.184.131","52.20.188.129","TCP","54","39990 > 80 [ACK] Seq=923 Ack=10987 Win=51100 Len=0"
"265","10.369930000","192.168.184.131","52.20.188.129","HTTP","909","GET /wp-content/plugins/wp-spamshield/js/jscripts.php HTTP/1.1 "
"266","10.370777000","52.20.188.129","192.168.184.131","TCP","60","80 > 39990 [ACK] Seq=10987 Ack=1778 Win=64240 Len=0"
"267","10.370838000","192.168.184.131","52.20.188.129","HTTP","1044","GET /wp-content/themes/customizr/inc/assets/css/tc_common.min.css?ver=3.4.17 HTTP/1.1 "
"268","10.371042000","192.168.184.131","52.20.188.129","HTTP","1040","GET /wp-content/themes/customizr/inc/assets/css/black2.min.css?ver=3.4.17 HTTP/1.1 "
"269","10.371466000","192.168.184.131","52.20.188.129","HTTP","1018","GET /wp-content/themes/customizr/style.css?ver=3.4.17 HTTP/1.1 "
"270","10.371728000","192.168.184.131","52.20.188.129","HTTP","1061","GET /wp-content/themes/customizr/inc/assets/js/fancybox/jquery.fancybox-1.3.4.min.css?ver=4.4.1 HTTP/1.1 "
"271","10.372367000","52.20.188.129","192.168.184.131","TCP","60","80 > 39988 [ACK] Seq=1 Ack=991 Win=64240 Len=0"
"272","10.372422000","52.20.188.129","192.168.184.131","TCP","60","80 > 39992 [ACK] Seq=1 Ack=987 Win=64240 Len=0"
"273","10.373262000","192.168.184.131","104.28.6.49","HTTP","580","GET /css/widget/recommendations.css?ck=Y2016M02D01&ver=2.7.8.4 HTTP/1.1 "
"274","10.373513000","192.168.184.131","52.20.188.129","HTTP","1026","GET /wp-content/themes/customizr/inc/assets/js/modernizr.min.js?ver=3.4.17 HTTP/1.1 "
"275","10.374569000","104.28.6.49","192.168.184.131","TCP","60","80 > 59736 [ACK] Seq=1 Ack=527 Win=64240 Len=0"
"276","10.374739000","52.20.188.129","192.168.184.131","TCP","60","80 > 39994 [ACK] Seq=1 Ack=973 Win=64240 Len=0"
"277","10.374769000","192.168.184.131","104.28.6.49","HTTP","576","GET /css/wordpress/toprated.css?ck=Y2016M02D01&ver=2.7.8.4 HTTP/1.1 "
"278","10.375640000","104.28.6.49","192.168.184.131","TCP","60","80 > 59738 [ACK] Seq=1 Ack=523 Win=64240 Len=0"
"279","10.467629000","192.168.184.131","216.58.196.14","TLSv1.2","135","Application Data"
"280","10.468232000","216.58.196.14","192.168.184.131","TCP","60","443 > 55760 [ACK] Seq=1 Ack=82 Win=64240 Len=0"
"281","10.583697000","192.168.184.131","74.125.68.188","TCP","54","36808 > 5228 [ACK] Seq=1 Ack=1 Win=42900 Len=0"
"282","10.584111000","74.125.68.188","192.168.184.131","TCP","60","[TCP ACKed unseen segment] 5228 > 36808 [ACK] Seq=1 Ack=2 Win=64240 Len=0"
"283","10.654400000","52.20.188.129","192.168.184.131","HTTP","1298","HTTP/1.1 200 OK  (application/javascript)"
"284","10.654470000","192.168.184.131","52.20.188.129","TCP","54","39990 > 80 [ACK] Seq=1778 Ack=12231 Win=54020 Len=0"
"285","10.654546000","52.20.188.129","192.168.184.131","HTTP","282","HTTP/1.1 304 Not Modified "
"286","10.654596000","192.168.184.131","52.20.188.129","TCP","54","39988 > 80 [ACK] Seq=991 Ack=229 Win=30016 Len=0"
"287","10.656642000","52.20.188.129","192.168.184.131","HTTP","281","HTTP/1.1 304 Not Modified "
"288","10.656732000","192.168.184.131","52.20.188.129","TCP","54","39992 > 80 [ACK] Seq=987 Ack=228 Win=30016 Len=0"
"289","10.660540000","52.20.188.129","192.168.184.131","HTTP","279","HTTP/1.1 304 Not Modified "
"290","10.660597000","192.168.184.131","52.20.188.129","TCP","54","39996 > 80 [ACK] Seq=965 Ack=226 Win=30016 Len=0"
"291","10.661543000","52.20.188.129","192.168.184.131","HTTP","280","HTTP/1.1 304 Not Modified "
"292","10.661611000","192.168.184.131","52.20.188.129","TCP","54","39998 > 80 [ACK] Seq=1008 Ack=227 Win=30016 Len=0"
"293","10.662472000","192.168.184.131","52.20.188.129","HTTP","1047","GET /wp-content/themes/customizr/inc/assets/js/fancybox/jquery.fancybox-1.3.4.min.js?ver=3.4.17 HTTP/1.1 "
"294","10.665661000","52.20.188.129","192.168.184.131","TCP","60","80 > 39990 [ACK] Seq=12231 Ack=2771 Win=64240 Len=0"
"295","10.666826000","192.168.184.131","52.20.188.129","HTTP","1028","GET /wp-content/themes/customizr/inc/assets/js/tc-scripts.min.js?ver=3.4.17 HTTP/1.1 "
"296","10.667053000","52.20.188.129","192.168.184.131","HTTP","281","HTTP/1.1 304 Not Modified "
"297","10.667097000","192.168.184.131","52.20.188.129","TCP","54","39994 > 80 [ACK] Seq=973 Ack=228 Win=30016 Len=0"
"298","10.667331000","52.20.188.129","192.168.184.131","TCP","60","80 > 39988 [ACK] Seq=229 Ack=1965 Win=64240 Len=0"
"299","10.712964000","192.168.184.131","192.168.184.2","DNS","77","Standard query 0xd994  A fonts.gstatic.com"
"300","10.794708000","216.58.196.14","192.168.184.131","TLSv1.2","367","Application Data"
"301","10.794781000","216.58.196.14","192.168.184.131","TLSv1.2","1484","Application Data"
"302","10.794817000","192.168.184.131","216.58.196.14","TCP","54","55760 > 443 [ACK] Seq=82 Ack=1744 Win=64240 Len=0"
"303","10.794883000","216.58.196.14","192.168.184.131","TLSv1.2","1973","Application Data, Application Data"
"304","10.794928000","192.168.184.131","216.58.196.14","TCP","54","55760 > 443 [ACK] Seq=82 Ack=3663 Win=64240 Len=0"
"305","10.799296000","216.58.196.14","192.168.184.131","TLSv1.2","2914","Application Data, Application Data"
"306","10.799580000","192.168.184.131","216.58.196.14","TCP","54","55760 > 443 [ACK] Seq=82 Ack=6523 Win=64240 Len=0"
"307","10.800358000","104.28.6.49","192.168.184.131","HTTP","399","HTTP/1.1 304 Not Modified "
"308","10.800424000","192.168.184.131","104.28.6.49","TCP","54","59736 > 80 [ACK] Seq=527 Ack=346 Win=30016 Len=0"
"309","10.800511000","216.58.196.14","192.168.184.131","TLSv1.2","1562","Application Data, Application Data"
"310","10.800545000","192.168.184.131","216.58.196.14","TCP","54","55760 > 443 [ACK] Seq=82 Ack=8031 Win=64240 Len=0"
"311","10.800605000","192.168.184.2","192.168.184.131","DNS","129","Standard query response 0xd994  CNAME gstaticadssl.l.google.com A 216.58.196.3"
"312","10.801544000","192.168.184.131","216.58.196.3","TCP","74","60938 > 80 [SYN] Seq=0 Win=29200 Len=0 MSS=1460 SACK_PERM=1 TSval=22973017 TSecr=0 WS=128"
"313","10.804595000","216.58.196.14","192.168.184.131","TLSv1.2","4331","Application Data, Application Data, Application Data"
"314","10.804743000","192.168.184.131","216.58.196.14","TCP","54","55760 > 443 [ACK] Seq=82 Ack=12308 Win=64240 Len=0"
"315","10.805608000","216.58.196.14","192.168.184.131","TLSv1.2","4470","Application Data, Application Data, Application Data, Application Data"
"316","10.805714000","192.168.184.131","216.58.196.14","TCP","54","55760 > 443 [ACK] Seq=82 Ack=16724 Win=64240 Len=0"
"317","10.806418000","216.58.196.14","192.168.184.131","TLSv1.2","2914","Application Data, Application Data"
"318","10.806505000","192.168.184.131","216.58.196.14","TCP","54","55760 > 443 [ACK] Seq=82 Ack=19584 Win=64240 Len=0"
"319","10.807580000","216.58.196.14","192.168.184.131","TLSv1.2","8634","Application Data, Application Data, Application Data, Application Data, Application Data, Application Data"
"320","10.807627000","192.168.184.131","216.58.196.14","TCP","54","55760 > 443 [ACK] Seq=82 Ack=28164 Win=64240 Len=0"
"321","10.808131000","216.58.196.14","192.168.184.131","TLSv1.2","1484","Application Data"
"322","10.808228000","216.58.196.14","192.168.184.131","TLSv1.2","1484","Application Data"
"323","10.808264000","192.168.184.131","216.58.196.14","TCP","54","55760 > 443 [ACK] Seq=82 Ack=31024 Win=64240 Len=0"
"324","10.808331000","216.58.196.14","192.168.184.131","TLSv1.2","1484","Application Data"
"325","10.809505000","216.58.196.14","192.168.184.131","TLSv1.2","1484","Application Data"
"326","10.809555000","192.168.184.131","216.58.196.14","TCP","54","55760 > 443 [ACK] Seq=82 Ack=33884 Win=64240 Len=0"
"327","10.809615000","216.58.196.14","192.168.184.131","TLSv1.2","1484","Application Data"
"328","10.809638000","216.58.196.14","192.168.184.131","TLSv1.2","1484","Application Data"
"329","10.809653000","192.168.184.131","216.58.196.14","TCP","54","55760 > 443 [ACK] Seq=82 Ack=36744 Win=64240 Len=0"
"330","10.810549000","216.58.196.14","192.168.184.131","TLSv1.2","1484","Application Data"
"331","10.810612000","216.58.196.14","192.168.184.131","TLSv1.2","1484","Application Data"
"332","10.810655000","192.168.184.131","216.58.196.14","TCP","54","55760 > 443 [ACK] Seq=82 Ack=39604 Win=64240 Len=0"
"333","10.810706000","216.58.196.14","192.168.184.131","TLSv1.2","1484","Application Data"
"334","10.811761000","216.58.196.14","192.168.184.131","TLSv1.2","1484","Application Data"
"335","10.811855000","192.168.184.131","216.58.196.14","TCP","54","55760 > 443 [ACK] Seq=82 Ack=42464 Win=64240 Len=0"
"336","10.811943000","216.58.196.14","192.168.184.131","TLSv1.2","1484","Application Data"
"337","10.811984000","216.58.196.14","192.168.184.131","TLSv1.2","1484","Application Data"
"338","10.812006000","192.168.184.131","216.58.196.14","TCP","54","55760 > 443 [ACK] Seq=82 Ack=45324 Win=64240 Len=0"
"339","10.814014000","216.58.196.14","192.168.184.131","TLSv1.2","1484","Application Data"
"340","10.814151000","216.58.196.14","192.168.184.131","TLSv1.2","1484","Application Data"
"341","10.814207000","216.58.196.14","192.168.184.131","TLSv1.2","1484","Application Data"
"342","10.814223000","216.58.196.14","192.168.184.131","TLSv1.2","1484","Application Data"
"343","10.814230000","192.168.184.131","216.58.196.14","TCP","54","55760 > 443 [ACK] Seq=82 Ack=48184 Win=64240 Len=0"
"344","10.814312000","192.168.184.131","216.58.196.14","TCP","54","55760 > 443 [ACK] Seq=82 Ack=51044 Win=64240 Len=0"
"345","10.814452000","216.58.196.14","192.168.184.131","TLSv1.2","1484","Application Data"
"346","10.814721000","216.58.196.14","192.168.184.131","TLSv1.2","1326","Application Data"
"347","10.814750000","192.168.184.131","216.58.196.14","TCP","54","55760 > 443 [ACK] Seq=82 Ack=53746 Win=64240 Len=0"
"348","10.815338000","192.168.184.131","216.58.196.14","TLSv1.2","100","Application Data"
"349","10.815756000","216.58.196.14","192.168.184.131","TCP","60","443 > 55760 [ACK] Seq=53746 Ack=128 Win=64240 Len=0"
"350","10.829267000","216.58.196.3","192.168.184.131","TCP","60","80 > 60938 [SYN, ACK] Seq=0 Ack=1 Win=64240 Len=0 MSS=1460"
"351","10.829436000","192.168.184.131","216.58.196.3","TCP","54","60938 > 80 [ACK] Seq=1 Ack=1 Win=29200 Len=0"
"352","10.852615000","104.28.6.49","192.168.184.131","HTTP","392","HTTP/1.1 304 Not Modified "
"353","10.852746000","192.168.184.131","104.28.6.49","TCP","54","59738 > 80 [ACK] Seq=523 Ack=339 Win=30016 Len=0"
"354","10.917073000","192.168.184.131","216.58.196.14","HTTP","425","GET /ga.js HTTP/1.1 "
"355","10.917713000","216.58.196.14","192.168.184.131","TCP","60","80 > 38136 [ACK] Seq=1 Ack=372 Win=64240 Len=0"
"356","10.940499000","52.20.188.129","192.168.184.131","HTTP","280","HTTP/1.1 304 Not Modified "
"357","10.944536000","216.58.196.14","192.168.184.131","HTTP","188","HTTP/1.1 304 Not Modified "
"358","10.944653000","192.168.184.131","216.58.196.14","TCP","54","38136 > 80 [ACK] Seq=372 Ack=135 Win=30016 Len=0"
"359","10.947209000","52.20.188.129","192.168.184.131","HTTP","281","HTTP/1.1 304 Not Modified "
"360","10.981102000","192.168.184.131","52.20.188.129","TCP","54","39990 > 80 [ACK] Seq=2771 Ack=12457 Win=56940 Len=0"
"361","10.986640000","192.168.184.131","52.20.188.129","TCP","54","39988 > 80 [ACK] Seq=1965 Ack=456 Win=31088 Len=0"
"362","11.940413000","192.168.184.131","52.20.188.129","HTTP","1144","GET /wp-content/themes/customizr/inc/assets/img/glyphicons-halflings.png HTTP/1.1 "
"363","11.941185000","52.20.188.129","192.168.184.131","TCP","60","80 > 39988 [ACK] Seq=456 Ack=3055 Win=64240 Len=0"
"364","11.950547000","192.168.184.131","52.20.188.129","HTTP","1097","GET /wp-content/themes/customizr/inc/assets/css/fonts/fonts/genericons-regular-webfont.woff HTTP/1.1 "
"365","11.951237000","52.20.188.129","192.168.184.131","TCP","60","80 > 39990 [ACK] Seq=12457 Ack=3814 Win=64240 Len=0"
"366","12.127806000","192.168.184.131","216.58.196.14","TLSv1.2","181","Application Data"
"367","12.128111000","192.168.184.131","216.58.196.14","TLSv1.2","100","Application Data"
"368","12.128200000","192.168.184.131","216.58.196.14","TLSv1.2","2944","Application Data"
"369","12.128328000","192.168.184.131","216.58.196.14","TLSv1.2","391","Application Data"
"370","12.129126000","216.58.196.14","192.168.184.131","TCP","60","443 > 55770 [ACK] Seq=1 Ack=128 Win=64240 Len=0"
"371","12.129208000","216.58.196.14","192.168.184.131","TCP","60","443 > 55770 [ACK] Seq=1 Ack=174 Win=64240 Len=0"
"372","12.129246000","216.58.196.14","192.168.184.131","TCP","60","443 > 55770 [ACK] Seq=1 Ack=1634 Win=64240 Len=0"
"373","12.129266000","216.58.196.14","192.168.184.131","TCP","60","443 > 55770 [ACK] Seq=1 Ack=3064 Win=64240 Len=0"
"374","12.129278000","216.58.196.14","192.168.184.131","TCP","60","443 > 55770 [ACK] Seq=1 Ack=3401 Win=64240 Len=0"
"375","12.161534000","216.58.196.14","192.168.184.131","TLSv1.2","100","Application Data"
"376","12.201681000","192.168.184.131","216.58.196.14","TCP","54","55770 > 443 [ACK] Seq=3401 Ack=47 Win=32220 Len=0"
"377","12.220687000","52.20.188.129","192.168.184.131","HTTP","280","HTTP/1.1 304 Not Modified "
"378","12.220764000","192.168.184.131","52.20.188.129","TCP","54","39988 > 80 [ACK] Seq=3055 Ack=682 Win=32160 Len=0"
"379","12.227370000","52.20.188.129","192.168.184.131","HTTP","280","HTTP/1.1 304 Not Modified "
"380","12.227574000","192.168.184.131","52.20.188.129","TCP","54","39990 > 80 [ACK] Seq=3814 Ack=12683 Win=59860 Len=0"
"381","12.357326000","216.58.196.14","192.168.184.131","TLSv1.2","935","Application Data, Application Data"
"382","12.357520000","192.168.184.131","216.58.196.14","TCP","54","55770 > 443 [ACK] Seq=3401 Ack=928 Win=34359 Len=0"
"383","12.357635000","216.58.196.14","192.168.184.131","TLSv1.2","92","Application Data"
"384","12.357678000","192.168.184.131","216.58.196.14","TCP","54","55770 > 443 [ACK] Seq=3401 Ack=966 Win=34359 Len=0"
"385","12.357795000","216.58.196.14","192.168.184.131","TLSv1.2","100","Application Data"
"386","12.357835000","192.168.184.131","216.58.196.14","TCP","54","55770 > 443 [ACK] Seq=3401 Ack=1012 Win=34359 Len=0"
"387","12.358786000","192.168.184.131","216.58.196.14","TLSv1.2","100","Application Data"
"388","12.468841000","192.168.184.131","216.58.196.1","TCP","54","35742 > 443 [RST, ACK] Seq=517 Ack=4496 Win=40040 Len=0"
"389","12.469470000","192.168.184.131","216.58.196.3","TCP","54","54366 > 443 [RST, ACK] Seq=507 Ack=4591 Win=40040 Len=0"
"390","12.470001000","192.168.184.131","216.58.196.3","TCP","54","54368 > 443 [RST, ACK] Seq=507 Ack=4591 Win=40040 Len=0"
"391","12.471780000","192.168.184.131","216.58.220.8","TLSv1.2","107","Application Data"
"392","12.472035000","192.168.184.131","216.58.220.8","TLSv1.2","104","Application Data"
"393","12.472108000","216.58.220.8","192.168.184.131","TCP","60","443 > 32872 [ACK] Seq=4352 Ack=569 Win=64240 Len=0"
"394","12.472197000","192.168.184.131","216.58.220.8","TLSv1.2","96","Application Data"
"395","12.472265000","216.58.220.8","192.168.184.131","TCP","60","443 > 32872 [ACK] Seq=4352 Ack=619 Win=64240 Len=0"
"396","12.472436000","216.58.220.8","192.168.184.131","TCP","60","443 > 32872 [ACK] Seq=4352 Ack=661 Win=64240 Len=0"
"397","12.472794000","192.168.184.131","216.58.220.8","TLSv1.2","92","Application Data"
"398","12.473005000","192.168.184.131","216.58.220.8","TLSv1.2","699","Application Data"
"399","12.473063000","216.58.220.8","192.168.184.131","TCP","60","443 > 32872 [ACK] Seq=4352 Ack=699 Win=64240 Len=0"
"400","12.473430000","192.168.184.131","104.28.6.49","HTTP","518","GET /js/external.min.js?ck=Y2016M02D01?wp=2.7.8.4 HTTP/1.1 "
"401","12.473467000","216.58.220.8","192.168.184.131","TCP","60","443 > 32872 [ACK] Seq=4352 Ack=1344 Win=64240 Len=0"
"402","12.473849000","104.28.6.49","192.168.184.131","TCP","60","80 > 59738 [ACK] Seq=339 Ack=987 Win=64240 Len=0"
"403","12.571733000","216.58.220.8","192.168.184.131","TLSv1.2","92","Application Data"
"404","12.571794000","192.168.184.131","216.58.220.8","TCP","54","32872 > 443 [ACK] Seq=1344 Ack=4390 Win=39420 Len=0"
"405","12.647711000","216.58.220.8","192.168.184.131","TLSv1.2","443","Application Data, Application Data, Application Data"
"406","12.647775000","192.168.184.131","216.58.220.8","TCP","54","32872 > 443 [ACK] Seq=1344 Ack=4779 Win=42340 Len=0"
"407","12.649732000","192.168.184.131","216.58.220.8","TLSv1.2","100","Application Data"
"408","12.649986000","216.58.220.8","192.168.184.131","TCP","60","443 > 32872 [ACK] Seq=4779 Ack=1390 Win=64240 Len=0"
"409","12.735017000","192.168.184.131","192.168.184.2","DNS","70","Standard query 0x43c6  A github.com"
"410","12.736126000","192.168.184.131","192.168.184.2","DNS","75","Standard query 0xb39d  A in.linkedin.com"
"411","12.737122000","192.168.184.131","192.168.184.2","DNS","78","Standard query 0x1ef3  A presscustomizr.com"
"412","12.822379000","192.168.184.2","192.168.184.131","DNS","86","Standard query response 0x43c6  A 192.30.252.131"
"413","12.822942000","192.168.184.131","192.168.184.2","DNS","71","Standard query 0xdef8  A twitter.com"
"414","12.823509000","192.168.184.2","192.168.184.131","DNS","158","Standard query response 0xb39d  CNAME cctld.linkedin.com CNAME mix.linkedin.com CNAME pop-esg3-alpha.mix.linkedin.com A 103.20.94.5"
"415","12.823943000","192.168.184.131","192.168.184.2","DNS","73","Standard query 0x79df  A wordpress.org"
"416","12.829624000","192.168.184.2","192.168.184.131","DNS","198","Standard query response 0x1ef3  A 192.124.249.4"
"417","12.830107000","192.168.184.131","192.168.184.2","DNS","76","Standard query 0x5ecf  A www.facebook.com"
"418","12.910754000","192.168.184.2","192.168.184.131","DNS","103","Standard query response 0xdef8  A 104.244.42.193 A 104.244.42.65"
"419","12.911202000","192.168.184.2","192.168.184.131","DNS","105","Standard query response 0x79df  A 66.155.40.249 A 66.155.40.250"
"420","12.917949000","192.168.184.2","192.168.184.131","DNS","121","Standard query response 0x5ecf  CNAME star-mini.c10r.facebook.com A 31.13.79.220"
"421","12.935012000","104.28.6.49","192.168.184.131","TCP","1514","[TCP segment of a reassembled PDU]"
"422","12.935128000","192.168.184.131","104.28.6.49","TCP","54","59738 > 80 [ACK] Seq=987 Ack=1799 Win=32120 Len=0"
"423","12.935669000","104.28.6.49","192.168.184.131","TCP","1514","[TCP segment of a reassembled PDU]"
"424","12.935747000","192.168.184.131","104.28.6.49","TCP","54","59738 > 80 [ACK] Seq=987 Ack=3259 Win=35040 Len=0"
"425","12.935839000","104.28.6.49","192.168.184.131","TCP","1514","[TCP segment of a reassembled PDU]"
"426","12.935907000","192.168.184.131","104.28.6.49","TCP","54","59738 > 80 [ACK] Seq=987 Ack=4719 Win=37960 Len=0"
"427","12.936299000","104.28.6.49","192.168.184.131","TCP","1514","[TCP segment of a reassembled PDU]"
"428","12.936377000","192.168.184.131","104.28.6.49","TCP","54","59738 > 80 [ACK] Seq=987 Ack=6179 Win=40880 Len=0"
"429","12.936879000","104.28.6.49","192.168.184.131","TCP","1514","[TCP segment of a reassembled PDU]"
"430","12.936954000","192.168.184.131","104.28.6.49","TCP","54","59738 > 80 [ACK] Seq=987 Ack=7639 Win=43800 Len=0"
"431","12.937029000","104.28.6.49","192.168.184.131","TCP","566","[TCP segment of a reassembled PDU]"
"432","12.937079000","192.168.184.131","104.28.6.49","TCP","54","59738 > 80 [ACK] Seq=987 Ack=8151 Win=46720 Len=0"
"433","13.153575000","104.28.6.49","192.168.184.131","TCP","1514","[TCP segment of a reassembled PDU]"
"434","13.153699000","192.168.184.131","104.28.6.49","TCP","54","59738 > 80 [ACK] Seq=987 Ack=9611 Win=49640 Len=0"
"435","13.153906000","104.28.6.49","192.168.184.131","TCP","1514","[TCP segment of a reassembled PDU]"
"436","13.154001000","192.168.184.131","104.28.6.49","TCP","54","59738 > 80 [ACK] Seq=987 Ack=11071 Win=52560 Len=0"
"437","13.159175000","104.28.6.49","192.168.184.131","TCP","14654","[TCP segment of a reassembled PDU]"
"438","13.159338000","192.168.184.131","104.28.6.49","TCP","54","59738 > 80 [ACK] Seq=987 Ack=25671 Win=64240 Len=0"
"439","13.165228000","104.28.6.49","192.168.184.131","TCP","2974","[TCP segment of a reassembled PDU]"
"440","13.165325000","192.168.184.131","104.28.6.49","TCP","54","59738 > 80 [ACK] Seq=987 Ack=28591 Win=64240 Len=0"
"441","13.165379000","104.28.6.49","192.168.184.131","HTTP","112","HTTP/1.1 200 OK  (text/javascript)"
"442","13.165436000","192.168.184.131","104.28.6.49","TCP","54","59738 > 80 [ACK] Seq=987 Ack=28649 Win=64240 Len=0"
"443","15.898792000","192.168.184.131","103.245.222.134","HTTP","2321","GET /count-data.js?1=javascript%3Athis.page.identifier HTTP/1.1 "
"444","15.899434000","103.245.222.134","192.168.184.131","TCP","60","80 > 53652 [ACK] Seq=1 Ack=1461 Win=64240 Len=0"
"445","15.899542000","103.245.222.134","192.168.184.131","TCP","60","80 > 53652 [ACK] Seq=1 Ack=2268 Win=64240 Len=0"
"446","16.305662000","103.245.222.134","192.168.184.131","HTTP","642","HTTP/1.1 200 OK  (application/javascript)"
"447","16.305762000","192.168.184.131","103.245.222.134","TCP","54","53652 > 80 [ACK] Seq=2268 Ack=589 Win=29988 Len=0"
"448","17.603198000","fe80::f5a0:4783:6291:1956","ff02::1:3","LLMNR","84","Standard query 0x3088  A wpad"
"449","17.603255000","192.168.184.1","224.0.0.252","LLMNR","64","Standard query 0x3088  A wpad"
"450","17.797594000","192.168.184.1","192.168.184.255","NBNS","92","Name query NB WPAD<00>"
"451","18.547414000","192.168.184.1","192.168.184.255","NBNS","92","Name query NB WPAD<00>"
"452","18.866891000","192.168.184.131","216.58.196.14","TCP","54","55766 > 443 [ACK] Seq=1 Ack=1 Win=42900 Len=0"
"453","18.867041000","216.58.196.14","192.168.184.131","TCP","60","[TCP ACKed unseen segment] 443 > 55766 [ACK] Seq=1 Ack=2 Win=64240 Len=0"
"454","19.256227000","192.168.184.131","216.58.196.14","TCP","54","55758 > 443 [ACK] Seq=1 Ack=1 Win=42340 Len=0"
"455","19.257583000","216.58.196.14","192.168.184.131","TCP","60","[TCP ACKed unseen segment] 443 > 55758 [ACK] Seq=1 Ack=2 Win=64240 Len=0"
"456","19.297650000","192.168.184.1","192.168.184.255","NBNS","92","Name query NB WPAD<00>"
"457","19.669377000","108.160.162.102","192.168.184.131","TLSv1.2","382","Application Data"
"458","21.257628000","192.168.184.131","108.160.162.102","TLSv1.2","451","Application Data"
"459","21.258151000","108.160.162.102","192.168.184.131","TCP","60","443 > 43752 [ACK] Seq=329 Ack=398 Win=64240 Len=0"
"460","22.263259000","104.28.7.49","192.168.184.131","TCP","60","80 > 60956 [FIN, PSH, ACK] Seq=1 Ack=1 Win=64240 Len=0"
"461","22.263327000","104.28.7.49","192.168.184.131","TCP","60","80 > 60958 [FIN, PSH, ACK] Seq=1 Ack=1 Win=64240 Len=0"
"462","22.263503000","192.168.184.131","104.28.7.49","TCP","54","60958 > 80 [ACK] Seq=1 Ack=2 Win=29200 Len=0"
"463","22.263620000","192.168.184.131","104.28.7.49","TCP","54","60956 > 80 [ACK] Seq=1 Ack=2 Win=29200 Len=0"
"464","22.268865000","104.28.6.49","192.168.184.131","TCP","60","80 > 59740 [FIN, PSH, ACK] Seq=1 Ack=1 Win=64240 Len=0"
"465","22.270230000","192.168.184.131","104.28.6.49","TCP","54","59740 > 80 [ACK] Seq=1 Ack=2 Win=29200 Len=0"
"466","22.271083000","104.28.7.49","192.168.184.131","TCP","60","80 > 60960 [FIN, PSH, ACK] Seq=1 Ack=1 Win=64240 Len=0"
"467","22.272219000","192.168.184.131","104.28.7.49","TCP","54","60960 > 80 [ACK] Seq=1 Ack=2 Win=29200 Len=0"
"468","22.872289000","192.168.184.131","216.58.196.14","TCP","54","55754 > 443 [ACK] Seq=1 Ack=1 Win=54020 Len=0"
"469","22.872412000","216.58.196.14","192.168.184.131","TCP","60","[TCP ACKed unseen segment] 443 > 55754 [ACK] Seq=1 Ack=2 Win=64240 Len=0"
"470","24.025339000","192.168.184.131","173.194.126.97","TCP","54","51210 > 443 [ACK] Seq=1 Ack=1 Win=48180 Len=0"
"471","24.025679000","173.194.126.97","192.168.184.131","TCP","60","[TCP ACKed unseen segment] 443 > 51210 [ACK] Seq=1 Ack=2 Win=64240 Len=0"
"472","24.736302000","192.168.184.131","74.125.68.95","TCP","54","39146 > 80 [FIN, ACK] Seq=1 Ack=1 Win=29200 Len=0"
"473","24.736813000","74.125.68.95","192.168.184.131","TCP","60","80 > 39146 [ACK] Seq=1 Ack=2 Win=64239 Len=0"
"474","24.737826000","192.168.184.131","74.125.68.95","TCP","54","39150 > 80 [FIN, ACK] Seq=1 Ack=1 Win=29200 Len=0"
"475","24.738173000","192.168.184.131","74.125.68.95","TCP","54","39148 > 80 [FIN, ACK] Seq=1 Ack=1 Win=29200 Len=0"
"476","24.738558000","74.125.68.95","192.168.184.131","TCP","60","80 > 39150 [ACK] Seq=1 Ack=2 Win=64239 Len=0"
"477","24.738592000","192.168.184.131","104.28.7.49","TCP","54","60956 > 80 [FIN, ACK] Seq=1 Ack=2 Win=29200 Len=0"
"478","24.738617000","74.125.68.95","192.168.184.131","TCP","60","80 > 39148 [ACK] Seq=1 Ack=2 Win=64239 Len=0"
"479","24.738699000","192.168.184.131","104.28.7.49","TCP","54","60958 > 80 [FIN, ACK] Seq=1 Ack=2 Win=29200 Len=0"
"480","24.738725000","104.28.7.49","192.168.184.131","TCP","60","80 > 60956 [ACK] Seq=2 Ack=2 Win=64239 Len=0"
"481","24.738855000","104.28.7.49","192.168.184.131","TCP","60","80 > 60958 [ACK] Seq=2 Ack=2 Win=64239 Len=0"
"482","24.739006000","192.168.184.131","216.58.196.3","TCP","54","60938 > 80 [FIN, ACK] Seq=1 Ack=1 Win=29200 Len=0"
"483","24.739140000","192.168.184.131","104.28.6.49","TCP","54","59740 > 80 [FIN, ACK] Seq=1 Ack=2 Win=29200 Len=0"
"484","24.739196000","216.58.196.3","192.168.184.131","TCP","60","80 > 60938 [ACK] Seq=1 Ack=2 Win=64239 Len=0"
"485","24.739241000","104.28.6.49","192.168.184.131","TCP","60","80 > 59740 [ACK] Seq=2 Ack=2 Win=64239 Len=0"
"486","24.739301000","192.168.184.131","103.245.222.134","TCP","54","53656 > 80 [FIN, ACK] Seq=1 Ack=1 Win=29200 Len=0"
"487","24.739434000","192.168.184.131","103.245.222.134","TCP","54","53654 > 80 [FIN, ACK] Seq=1 Ack=1 Win=29200 Len=0"
"488","24.739467000","103.245.222.134","192.168.184.131","TCP","60","80 > 53656 [ACK] Seq=1 Ack=2 Win=64239 Len=0"
"489","24.739612000","192.168.184.131","216.58.196.14","TCP","54","38138 > 80 [FIN, ACK] Seq=1 Ack=1 Win=29200 Len=0"
"490","24.739628000","103.245.222.134","192.168.184.131","TCP","60","80 > 53654 [ACK] Seq=1 Ack=2 Win=64239 Len=0"
"491","24.739755000","192.168.184.131","216.58.196.14","TCP","54","38140 > 80 [FIN, ACK] Seq=1 Ack=1 Win=29200 Len=0"
"492","24.739774000","216.58.196.14","192.168.184.131","TCP","60","80 > 38138 [ACK] Seq=1 Ack=2 Win=64239 Len=0"
"493","24.739938000","216.58.196.14","192.168.184.131","TCP","60","80 > 38140 [ACK] Seq=1 Ack=2 Win=64239 Len=0"
"494","24.740340000","192.168.184.131","104.28.7.49","TCP","74","60970 > 80 [SYN] Seq=0 Win=29200 Len=0 MSS=1460 SACK_PERM=1 TSval=22986956 TSecr=0 WS=128"
"495","24.751643000","104.28.7.49","192.168.184.131","TCP","60","80 > 60970 [SYN, ACK] Seq=0 Ack=1 Win=64240 Len=0 MSS=1460"
"496","24.751742000","192.168.184.131","104.28.7.49","TCP","54","60970 > 80 [ACK] Seq=1 Ack=1 Win=29200 Len=0"
"497","24.751956000","192.168.184.131","104.28.7.49","HTTP","571","GET /RatingWidget.swf HTTP/1.1 "
"498","24.752492000","104.28.7.49","192.168.184.131","TCP","60","80 > 60970 [ACK] Seq=1 Ack=518 Win=64240 Len=0"
"499","24.765355000","104.28.7.49","192.168.184.131","HTTP","392","HTTP/1.1 304 Not Modified "
"500","24.765522000","192.168.184.131","104.28.7.49","TCP","54","60970 > 80 [ACK] Seq=518 Ack=339 Win=30016 Len=0"
"501","24.767077000","216.58.196.3","192.168.184.131","TCP","60","80 > 60938 [FIN, PSH, ACK] Seq=1 Ack=2 Win=64239 Len=0"
"502","24.767285000","192.168.184.131","216.58.196.3","TCP","54","60938 > 80 [ACK] Seq=2 Ack=2 Win=29200 Len=0"
"503","24.767423000","216.58.196.14","192.168.184.131","TCP","60","80 > 38138 [FIN, PSH, ACK] Seq=1 Ack=2 Win=64239 Len=0"
"504","24.767458000","192.168.184.131","216.58.196.14","TCP","54","38138 > 80 [ACK] Seq=2 Ack=2 Win=29200 Len=0"
"505","24.772631000","216.58.196.14","192.168.184.131","TCP","60","80 > 38140 [FIN, PSH, ACK] Seq=1 Ack=2 Win=64239 Len=0"
"506","24.772708000","192.168.184.131","216.58.196.14","TCP","54","38140 > 80 [ACK] Seq=2 Ack=2 Win=29200 Len=0"
"507","24.776933000","74.125.68.95","192.168.184.131","TCP","60","80 > 39146 [FIN, PSH, ACK] Seq=1 Ack=2 Win=64239 Len=0"
"508","24.777024000","192.168.184.131","74.125.68.95","TCP","54","39146 > 80 [ACK] Seq=2 Ack=2 Win=29200 Len=0"
"509","24.779066000","74.125.68.95","192.168.184.131","TCP","60","80 > 39150 [FIN, PSH, ACK] Seq=1 Ack=2 Win=64239 Len=0"
"510","24.779166000","192.168.184.131","74.125.68.95","TCP","54","39150 > 80 [ACK] Seq=2 Ack=2 Win=29200 Len=0"
"511","24.779243000","103.245.222.134","192.168.184.131","TCP","60","80 > 53656 [FIN, PSH, ACK] Seq=1 Ack=2 Win=64239 Len=0"
"512","24.779282000","192.168.184.131","103.245.222.134","TCP","54","53656 > 80 [ACK] Seq=2 Ack=2 Win=29200 Len=0"
"513","24.780003000","74.125.68.95","192.168.184.131","TCP","60","80 > 39148 [FIN, PSH, ACK] Seq=1 Ack=2 Win=64239 Len=0"
"514","24.780062000","192.168.184.131","74.125.68.95","TCP","54","39148 > 80 [ACK] Seq=2 Ack=2 Win=29200 Len=0"
"515","24.827936000","103.245.222.134","192.168.184.131","TCP","60","80 > 53654 [FIN, PSH, ACK] Seq=1 Ack=2 Win=64239 Len=0"
"516","24.828025000","192.168.184.131","103.245.222.134","TCP","54","53654 > 80 [ACK] Seq=2 Ack=2 Win=29200 Len=0"
"517","25.669332000","52.20.188.129","192.168.184.131","TCP","60","80 > 39992 [FIN, PSH, ACK] Seq=228 Ack=987 Win=64240 Len=0"
"518","25.678468000","52.20.188.129","192.168.184.131","TCP","60","80 > 39996 [FIN, PSH, ACK] Seq=226 Ack=965 Win=64240 Len=0"
"519","25.687363000","52.20.188.129","192.168.184.131","TCP","60","80 > 39994 [FIN, PSH, ACK] Seq=228 Ack=973 Win=64240 Len=0"
"520","25.709496000","192.168.184.131","52.20.188.129","TCP","54","39992 > 80 [ACK] Seq=987 Ack=229 Win=30016 Len=0"
"521","25.718544000","192.168.184.131","52.20.188.129","TCP","54","39996 > 80 [ACK] Seq=965 Ack=227 Win=30016 Len=0"
"522","25.727672000","192.168.184.131","52.20.188.129","TCP","54","39994 > 80 [ACK] Seq=973 Ack=229 Win=30016 Len=0"
"523","27.119927000","52.20.188.129","192.168.184.131","TCP","60","80 > 39998 [FIN, PSH, ACK] Seq=227 Ack=1008 Win=64240 Len=0"
"524","27.159798000","192.168.184.131","52.20.188.129","TCP","54","39998 > 80 [ACK] Seq=1008 Ack=228 Win=30016 Len=0"
"525","27.235845000","52.20.188.129","192.168.184.131","TCP","60","80 > 39988 [FIN, PSH, ACK] Seq=682 Ack=3055 Win=64240 Len=0"
"526","27.241530000","52.20.188.129","192.168.184.131","TCP","60","80 > 39990 [FIN, PSH, ACK] Seq=12683 Ack=3814 Win=64240 Len=0"
"527","27.275470000","192.168.184.131","52.20.188.129","TCP","54","39988 > 80 [ACK] Seq=3055 Ack=683 Win=32160 Len=0"
"528","27.281581000","192.168.184.131","52.20.188.129","TCP","54","39990 > 80 [ACK] Seq=3814 Ack=12684 Win=59860 Len=0"
"529","29.443133000","192.168.184.131","74.125.200.94","TLSv1.2","231","Application Data"
"530","29.443306000","192.168.184.131","74.125.200.94","TLSv1.2","100","Application Data"
"531","29.443767000","74.125.200.94","192.168.184.131","TCP","60","443 > 48642 [ACK] Seq=177744 Ack=3606 Win=64240 Len=0"
"532","29.443809000","74.125.200.94","192.168.184.131","TCP","60","443 > 48642 [ACK] Seq=177744 Ack=3652 Win=64240 Len=0"
"533","29.489708000","74.125.200.94","192.168.184.131","TLSv1.2","124","Application Data"
"534","29.489790000","74.125.200.94","192.168.184.131","TLSv1.2","138","Application Data, Application Data"
"535","29.490322000","192.168.184.131","74.125.200.94","TCP","54","48642 > 443 [ACK] Seq=3652 Ack=177898 Win=65535 Len=0"
"536","29.492437000","192.168.184.131","74.125.200.94","TLSv1.2","100","Application Data"
"537","29.492696000","74.125.200.94","192.168.184.131","TCP","60","443 > 48642 [ACK] Seq=177898 Ack=3698 Win=64240 Len=0"
"538","29.526147000","74.125.200.94","192.168.184.131","TLSv1.2","100","Application Data"
"539","29.565765000","192.168.184.131","74.125.200.94","TCP","54","48642 > 443 [ACK] Seq=3698 Ack=177944 Win=65535 Len=0"
